-- 面向制造企业的 ERP 管理系统测试数据
-- 用途：
-- 1. 覆盖登录、系统管理、基础资料、采购、销售、库存、生产、报表、AI 场景
-- 2. 数据跨度覆盖 2026-01 至 2026-04，便于演示趋势与经营分析
-- 3. 同时保留可继续操作的业务数据：未转单报价、未转单采购申请、可继续下推计划的销售订单、
--    可执行 MRP 的生产计划、可继续入库的采购订单、可继续出库的销售订单、可继续领料/报工/完工的工单
--
-- 推荐登录账号：
-- admin / 123456
-- buyer01 / 123456
-- sales01 / 123456
-- plan01 / 123456
-- stock01 / 123456

SET NAMES utf8mb4;
SET FOREIGN_KEY_CHECKS = 0;

USE `manufacturing_erp`;

-- =========================
-- 1. 清理旧数据
-- =========================

DELETE FROM `sys_role_menu`;
DELETE FROM `prd_report`;
DELETE FROM `stk_doc_item`;
DELETE FROM `prd_work_order`;
DELETE FROM `prd_plan`;
DELETE FROM `stk_doc`;
DELETE FROM `stk_inventory`;
DELETE FROM `sal_doc_item`;
DELETE FROM `sal_doc`;
DELETE FROM `pur_doc_item`;
DELETE FROM `pur_doc`;
DELETE FROM `bas_process_route_item`;
DELETE FROM `bas_process_route`;
DELETE FROM `bas_bom_item`;
DELETE FROM `bas_bom`;
DELETE FROM `sys_user`;
DELETE FROM `sys_menu`;
DELETE FROM `sys_role`;
DELETE FROM `bas_customer`;
DELETE FROM `bas_supplier`;
DELETE FROM `bas_material`;
DELETE FROM `bas_warehouse`;

-- =========================
-- 2. 系统管理数据
-- =========================

INSERT INTO `sys_role` (`id`, `code`, `name`, `status`, `remark`) VALUES
(1, 'admin', '系统管理员', 'enabled', '拥有全部业务与配置权限'),
(2, 'purchase', '采购专员', 'enabled', '负责采购申请、采购订单与入库跟进'),
(3, 'sales', '销售专员', 'enabled', '负责报价、订单、发货与客户跟进'),
(4, 'production', '生产计划员', 'enabled', '负责计划、MRP、工单和报工'),
(5, 'warehouse', '仓库管理员', 'enabled', '负责库存、调拨、盘点与出入库');

INSERT INTO `sys_menu` (`id`, `parent_id`, `name`, `path`, `component`, `menu_type`, `permission_code`, `status`) VALUES
(1, 0, '经营看板', '/dashboard', 'DashboardView', 'menu', 'dashboard:view', 'enabled'),
(2, 0, '基础数据', '/master-data', 'MasterDataView', 'menu', 'master-data:view', 'enabled'),
(3, 0, '采购管理', '/purchase', 'PurchaseView', 'menu', 'purchase:view', 'enabled'),
(4, 0, '销售管理', '/sales', 'SalesView', 'menu', 'sales:view', 'enabled'),
(5, 0, '库存管理', '/inventory', 'InventoryView', 'menu', 'inventory:view', 'enabled'),
(6, 0, '生产管理', '/production', 'ProductionView', 'menu', 'production:view', 'enabled'),
(7, 0, '统计分析', '/reports', 'ReportsView', 'menu', 'reports:view', 'enabled'),
(8, 0, '系统管理', '/system', 'SystemView', 'menu', 'system:view', 'enabled'),
(9, 0, 'AI 助手', '/ai', 'AiAssistantView', 'menu', 'ai:view', 'enabled');

INSERT INTO `sys_user` (`id`, `username`, `password`, `real_name`, `role_id`, `phone`, `status`, `created_at`, `updated_at`, `deleted`) VALUES
(1, 'admin', '123456', '系统管理员', 1, '13800000001', 'enabled', '2026-01-01 08:30:00', '2026-04-02 09:00:00', 0),
(2, 'buyer01', '123456', '采购专员-周宁', 2, '13800000002', 'enabled', '2026-01-01 08:35:00', '2026-04-02 09:00:00', 0),
(3, 'sales01', '123456', '销售专员-林珊', 3, '13800000003', 'enabled', '2026-01-01 08:40:00', '2026-04-02 09:00:00', 0),
(4, 'plan01', '123456', '计划员-张峰', 4, '13800000004', 'enabled', '2026-01-01 08:45:00', '2026-04-02 09:00:00', 0),
(5, 'stock01', '123456', '仓管员-王磊', 5, '13800000005', 'enabled', '2026-01-01 08:50:00', '2026-04-02 09:00:00', 0);

INSERT INTO `sys_role_menu` (`id`, `role_id`, `menu_id`) VALUES
(1, 1, 1), (2, 1, 2), (3, 1, 3), (4, 1, 4), (5, 1, 5), (6, 1, 6), (7, 1, 7), (8, 1, 8), (9, 1, 9),
(10, 2, 1), (11, 2, 2), (12, 2, 3), (13, 2, 5), (14, 2, 7), (15, 2, 9),
(16, 3, 1), (17, 3, 2), (18, 3, 4), (19, 3, 5), (20, 3, 6), (21, 3, 7), (22, 3, 9),
(23, 4, 1), (24, 4, 2), (25, 4, 5), (26, 4, 6), (27, 4, 7), (28, 4, 9),
(29, 5, 1), (30, 5, 5), (31, 5, 7);

-- =========================
-- 3. 基础资料数据
-- =========================

INSERT INTO `bas_warehouse` (`id`, `code`, `name`, `warehouse_type`, `manager_name`, `status`) VALUES
(1, 'RAW01', '原料及半成品仓', '原料仓', '王磊', 'enabled'),
(2, 'FIN01', '成品仓', '成品仓', '陈敏', 'enabled'),
(3, 'OUT01', '委外暂存仓', '暂存仓', '赵强', 'enabled'),
(4, 'LINE01', '线边仓', '线边仓', '刘洋', 'enabled');

INSERT INTO `bas_material` (`id`, `code`, `name`, `spec`, `material_type`, `unit_code`, `safety_stock`, `batch_enabled`, `default_warehouse_id`, `status`) VALUES
(1, 'FG100', '智能控制器A', 'AC-100', '成品', 'pcs', 20.0000, 1, 2, 'enabled'),
(2, 'FG200', '伺服驱动器B', 'SD-200', '成品', 'pcs', 15.0000, 1, 2, 'enabled'),
(3, 'SF100', '控制板组件', 'PCB-A', '半成品', 'pcs', 10.0000, 1, 1, 'enabled'),
(4, 'RM101', 'MCU主控芯片', 'STM32F407', '原料', 'pcs', 200.0000, 1, 1, 'enabled'),
(5, 'RM102', '电容套件', 'CAP-KIT', '原料', 'set', 500.0000, 0, 1, 'enabled'),
(6, 'RM103', '铝合金壳体', 'CASE-A', '原料', 'pcs', 50.0000, 0, 1, 'enabled'),
(7, 'RM104', '线束总成', 'HARNESS-A', '原料', 'pcs', 60.0000, 0, 1, 'enabled'),
(8, 'RM105', '显示模组', 'LCD-5.0', '原料', 'pcs', 20.0000, 1, 1, 'enabled');

INSERT INTO `bas_customer` (`id`, `code`, `name`, `contact`, `phone`, `address`, `status`) VALUES
(1, 'CUST001', '华东自动化设备有限公司', '李总', '021-66010001', '上海市嘉定区安亭工业园 88 号', 'enabled'),
(2, 'CUST002', '苏州精密装备股份有限公司', '周工', '0512-68020002', '江苏省苏州市高新区科技大道 18 号', 'enabled'),
(3, 'CUST003', '宁波智造科技有限公司', '陈经理', '0574-87030003', '浙江省宁波市鄞州区创新路 6 号', 'enabled'),
(4, 'CUST004', '合肥新能控制有限公司', '赵经理', '0551-62040004', '安徽省合肥市高新区望江西路 66 号', 'enabled');

INSERT INTO `bas_supplier` (`id`, `code`, `name`, `contact`, `phone`, `address`, `status`) VALUES
(1, 'SUP001', '上海芯源电子有限公司', '许经理', '021-52010001', '上海市松江区泗泾镇工业路 19 号', 'enabled'),
(2, 'SUP002', '无锡金盛结构件有限公司', '周经理', '0510-83020002', '江苏省无锡市新吴区硕放街道 12 号', 'enabled'),
(3, 'SUP003', '常州捷配线束有限公司', '唐经理', '0519-86030003', '江苏省常州市武进区礼嘉镇 21 号', 'enabled'),
(4, 'SUP004', '深圳视显科技有限公司', '郭经理', '0755-27040004', '广东省深圳市宝安区福海街道 18 号', 'enabled');

INSERT INTO `bas_bom` (`id`, `product_id`, `version_no`, `status`, `effective_date`) VALUES
(1, 1, 'V1.0', 'enabled', '2025-12-01'),
(2, 3, 'V1.0', 'enabled', '2025-12-01'),
(3, 2, 'V1.0', 'enabled', '2025-12-01');

INSERT INTO `bas_bom_item` (`id`, `bom_id`, `material_id`, `qty`, `loss_rate`, `sort_no`) VALUES
(1, 1, 3, 1.0000, 0.0000, 1),
(2, 1, 6, 1.0000, 0.0000, 2),
(3, 1, 7, 1.0000, 0.0000, 3),
(4, 2, 4, 1.0000, 0.0000, 1),
(5, 2, 5, 5.0000, 0.0000, 2),
(6, 3, 4, 1.0000, 0.0000, 1),
(7, 3, 6, 1.0000, 0.0000, 2),
(8, 3, 7, 1.0000, 0.0000, 3);

INSERT INTO `bas_process_route` (`id`, `product_id`, `version_no`, `status`) VALUES
(1, 1, 'V1.0', 'enabled'),
(2, 3, 'V1.0', 'enabled'),
(3, 2, 'V1.0', 'enabled');

INSERT INTO `bas_process_route_item` (`id`, `route_id`, `process_code`, `process_name`, `standard_hours`, `work_center`, `sort_no`) VALUES
(1, 1, 'OP10', '备料齐套', 1.20, '总装一线', 1),
(2, 1, 'OP20', '整机装配', 2.80, '总装一线', 2),
(3, 1, 'OP30', '功能测试', 1.50, '测试工位', 3),
(4, 1, 'OP40', '包装入库', 0.80, '包装工位', 4),
(5, 2, 'OP10', 'SMT贴片', 2.20, 'SMT线', 1),
(6, 2, 'OP20', '插件焊接', 1.60, '焊接工位', 2),
(7, 2, 'OP30', 'AOI检测', 0.90, '检验工位', 3),
(8, 3, 'OP10', '电源装配', 2.00, '驱动装配线', 1),
(9, 3, 'OP20', '驱动调试', 2.50, '调试工位', 2),
(10, 3, 'OP30', '老化测试', 4.00, '老化房', 3),
(11, 3, 'OP40', '包装入库', 1.00, '包装工位', 4);

-- =========================
-- 4. 采购与销售业务数据
-- =========================

INSERT INTO `pur_doc` (`id`, `code`, `doc_type`, `supplier_id`, `doc_date`, `expected_date`, `total_amount`, `status`, `remark`) VALUES
(1, 'PR20260105001', 'request', 1, '2026-01-05', '2026-01-10', 41250.00, 'approved', '一季度首批备料申请'),
(2, 'PO20260108001', 'order', 1, '2026-01-08', '2026-01-12', 41250.00, 'completed', '[#SRC=request:1;ITEMS=1,2] 一季度首批备料订单'),
(3, 'PO20260218001', 'order', 2, '2026-02-18', '2026-02-25', 19300.00, 'completed', '结构件与线束常规补货'),
(4, 'PO20260315001', 'order', 3, '2026-03-15', '2026-03-22', 3500.00, 'partial', '驱动器项目加急线束订单'),
(5, 'PR20260402001', 'request', 3, '2026-04-02', '2026-04-08', 3500.00, 'approved', '四月 FG100 补料申请，可直接演示申请转订单'),
(6, 'PR20260403001', 'request', 4, '2026-04-03', '2026-04-10', 8800.00, 'draft', '显示模组新增需求，便于演示草稿编辑');

INSERT INTO `pur_doc_item` (`id`, `doc_id`, `material_id`, `warehouse_id`, `qty`, `received_qty`, `qualified_qty`, `price`, `amount`, `need_date`, `lot_no`) VALUES
(1, 1, 4, 1, 300.0000, 0.0000, 0.0000, 120.0000, 36000.00, '2026-01-10', NULL),
(2, 1, 5, 1, 1500.0000, 0.0000, 0.0000, 3.5000, 5250.00, '2026-01-10', NULL),
(3, 2, 4, 1, 300.0000, 300.0000, 300.0000, 120.0000, 36000.00, '2026-01-10', NULL),
(4, 2, 5, 1, 1500.0000, 1500.0000, 1500.0000, 3.5000, 5250.00, '2026-01-10', NULL),
(5, 3, 6, 1, 180.0000, 180.0000, 180.0000, 80.0000, 14400.00, '2026-02-25', NULL),
(6, 3, 7, 1, 140.0000, 140.0000, 140.0000, 35.0000, 4900.00, '2026-02-25', NULL),
(7, 4, 7, 1, 100.0000, 40.0000, 40.0000, 35.0000, 3500.00, '2026-03-22', NULL),
(8, 5, 7, 1, 100.0000, 0.0000, 0.0000, 35.0000, 3500.00, '2026-04-08', NULL),
(9, 6, 8, 1, 40.0000, 0.0000, 0.0000, 220.0000, 8800.00, '2026-04-10', NULL);

INSERT INTO `sal_doc` (`id`, `code`, `doc_type`, `customer_id`, `doc_date`, `delivery_date`, `total_amount`, `status`, `remark`) VALUES
(1, 'SQ20260110001', 'quote', 1, '2026-01-10', '2026-01-20', 150000.00, 'approved', '华东自动化一期项目报价'),
(2, 'SO20260112001', 'order', 1, '2026-01-12', '2026-01-20', 150000.00, 'completed', '[#SRC=quote:1;ITEMS=1] 华东自动化一期项目订单'),
(3, 'SQ20260305001', 'quote', 2, '2026-03-05', '2026-03-30', 208000.00, 'approved', '伺服驱动器批量项目报价'),
(4, 'SO20260307001', 'order', 2, '2026-03-07', '2026-03-30', 208000.00, 'partial', '[#SRC=quote:3;ITEMS=3] 伺服驱动器批量订单'),
(5, 'SQ20260402001', 'quote', 3, '2026-04-02', '2026-04-15', 66000.00, 'approved', '四月新增控制器报价，可直接演示报价转订单'),
(6, 'SQ20260405001', 'quote', 4, '2026-04-05', '2026-04-18', 85500.00, 'draft', '四月备用报价草稿'),
(7, 'SO20260401001', 'order', 4, '2026-04-01', '2026-04-12', 100800.00, 'approved', '四月排产订单，便于演示销售订单转计划与 MRP');

INSERT INTO `sal_doc_item` (`id`, `doc_id`, `material_id`, `qty`, `shipped_qty`, `price`, `amount`) VALUES
(1, 1, 1, 100.0000, 0.0000, 1500.0000, 150000.00),
(2, 2, 1, 100.0000, 100.0000, 1500.0000, 150000.00),
(3, 3, 2, 80.0000, 0.0000, 2600.0000, 208000.00),
(4, 4, 2, 80.0000, 10.0000, 2600.0000, 208000.00),
(5, 5, 1, 40.0000, 0.0000, 1650.0000, 66000.00),
(6, 6, 2, 30.0000, 0.0000, 2850.0000, 85500.00),
(7, 7, 1, 60.0000, 0.0000, 1680.0000, 100800.00);

-- =========================
-- 5. 生产、库存与报工数据
-- =========================

INSERT INTO `prd_plan` (`id`, `code`, `material_id`, `plan_qty`, `start_date`, `end_date`, `source_sales_id`, `status`) VALUES
(1, 'PP20260113001', 1, 100.0000, '2026-01-13', '2026-01-18', 2, 'completed'),
(2, 'PP20260320001', 2, 60.0000, '2026-03-20', '2026-03-28', 4, 'in_progress'),
(3, 'PP20260403001', 1, 60.0000, '2026-04-03', '2026-04-12', 7, 'approved');

INSERT INTO `prd_work_order` (`id`, `code`, `plan_id`, `material_id`, `bom_id`, `route_id`, `plan_qty`, `finished_qty`, `status`, `start_date`, `end_date`) VALUES
(1, 'WO20260113001', 1, 3, 2, 2, 100.0000, 100.0000, 'completed', '2026-01-13', '2026-01-15'),
(2, 'WO20260116001', 1, 1, 1, 1, 100.0000, 100.0000, 'completed', '2026-01-16', '2026-01-18'),
(3, 'WO20260322001', 2, 2, 3, 3, 60.0000, 30.0000, 'in_progress', '2026-03-22', '2026-03-28');

INSERT INTO `prd_report` (`id`, `work_order_id`, `process_item_id`, `report_date`, `report_qty`, `qualified_qty`, `defective_qty`, `reporter_name`, `remark`) VALUES
(1, 1, 5, '2026-01-13 10:00:00', 100.0000, 98.0000, 2.0000, '王磊', 'SMT 贴片完成'),
(2, 1, 6, '2026-01-14 14:00:00', 100.0000, 98.0000, 2.0000, '王磊', '插件焊接完成'),
(3, 1, 7, '2026-01-15 16:00:00', 100.0000, 100.0000, 0.0000, '赵敏', 'AOI 检验通过'),
(4, 2, 1, '2026-01-16 09:30:00', 100.0000, 100.0000, 0.0000, '李鹏', '备料齐套'),
(5, 2, 2, '2026-01-17 13:40:00', 100.0000, 99.0000, 1.0000, '李鹏', '整机装配完成'),
(6, 2, 3, '2026-01-18 10:20:00', 100.0000, 100.0000, 0.0000, '周岚', '功能测试合格'),
(7, 2, 4, '2026-01-18 17:10:00', 100.0000, 100.0000, 0.0000, '周岚', '包装入库完成'),
(8, 3, 8, '2026-03-24 09:20:00', 30.0000, 28.0000, 2.0000, '张峰', '电源装配已完成首批'),
(9, 3, 9, '2026-03-25 15:30:00', 30.0000, 26.0000, 4.0000, '张峰', '驱动调试进行中');

INSERT INTO `stk_doc` (`id`, `code`, `doc_type`, `source_type`, `source_id`, `warehouse_id`, `target_warehouse_id`, `biz_date`, `status`, `remark`) VALUES
(1, 'PI20260112001', 'purchase_in', 'purchase_in', 2, 1, NULL, '2026-01-12', 'approved', 'PO20260108001 入库'),
(2, 'PI20260225001', 'purchase_in', 'purchase_in', 3, 1, NULL, '2026-02-25', 'approved', 'PO20260218001 入库'),
(3, 'PI20260322001', 'purchase_in', 'purchase_in', 4, 1, NULL, '2026-03-22', 'approved', 'PO20260315001 部分入库'),
(4, 'WP20260113001', 'work_order_pick', 'work_order_pick', 1, 1, NULL, '2026-01-13', 'approved', 'WO20260113001 领料'),
(5, 'FI20260115001', 'work_order_finish_in', 'work_order_finish_in', 1, 1, NULL, '2026-01-15', 'approved', 'WO20260113001 半成品完工'),
(6, 'WP20260116001', 'work_order_pick', 'work_order_pick', 2, 1, NULL, '2026-01-16', 'approved', 'WO20260116001 领料'),
(7, 'FI20260118001', 'work_order_finish_in', 'work_order_finish_in', 2, 2, NULL, '2026-01-18', 'approved', 'WO20260116001 完工入库'),
(8, 'SO20260120001', 'sales_out', 'sales_out', 2, 2, NULL, '2026-01-20', 'approved', 'SO20260112001 发货'),
(9, 'WP20260322001', 'work_order_pick', 'work_order_pick', 3, 1, NULL, '2026-03-22', 'approved', 'WO20260322001 首批领料'),
(10, 'FI20260326001', 'work_order_finish_in', 'work_order_finish_in', 3, 2, NULL, '2026-03-26', 'approved', 'WO20260322001 部分完工入库'),
(11, 'SO20260329001', 'sales_out', 'sales_out', 4, 2, NULL, '2026-03-29', 'approved', 'SO20260307001 首批发货'),
(12, 'TR20260401001', 'transfer', 'transfer', 12, 1, 4, '2026-04-01', 'approved', '线边仓补料'),
(13, 'CK20260402001', 'check', 'check', 13, 2, NULL, '2026-04-02', 'approved', '月初盘点修正');

INSERT INTO `stk_doc_item` (`id`, `doc_id`, `material_id`, `lot_no`, `qty`, `unit_price`, `amount`, `source_item_id`) VALUES
(1, 1, 4, 'RM101-260112-A', 300.0000, 120.0000, 36000.00, 3),
(2, 1, 5, NULL, 1500.0000, 3.5000, 5250.00, 4),
(3, 2, 6, NULL, 180.0000, 80.0000, 14400.00, 5),
(4, 2, 7, NULL, 140.0000, 35.0000, 4900.00, 6),
(5, 3, 7, NULL, 40.0000, 35.0000, 1400.00, 7),
(6, 4, 4, 'RM101-260112-A', 100.0000, 0.0000, 0.00, 4),
(7, 4, 5, NULL, 500.0000, 0.0000, 0.00, 5),
(8, 5, 3, 'SF100-260115-A', 100.0000, 0.0000, 0.00, 1),
(9, 6, 3, 'SF100-260115-A', 100.0000, 0.0000, 0.00, 1),
(10, 6, 6, NULL, 100.0000, 0.0000, 0.00, 2),
(11, 6, 7, NULL, 100.0000, 0.0000, 0.00, 3),
(12, 7, 1, 'FG100-260118-A', 100.0000, 0.0000, 0.00, 2),
(13, 8, 1, 'FG100-260118-A', 100.0000, 1500.0000, 150000.00, 2),
(14, 9, 4, 'RM101-260112-A', 40.0000, 0.0000, 0.00, 6),
(15, 9, 6, NULL, 40.0000, 0.0000, 0.00, 7),
(16, 9, 7, NULL, 40.0000, 0.0000, 0.00, 8),
(17, 10, 2, 'FG200-260326-A', 30.0000, 0.0000, 0.00, 3),
(18, 11, 2, 'FG200-260326-A', 10.0000, 2600.0000, 26000.00, 4),
(19, 12, 7, NULL, 10.0000, 35.0000, 350.00, NULL),
(20, 13, 1, 'FG100-260118-A', 5.0000, 0.0000, 0.00, NULL);

INSERT INTO `stk_inventory` (`id`, `material_id`, `warehouse_id`, `lot_no`, `qty`, `locked_qty`, `updated_at`) VALUES
(1, 4, 1, 'RM101-260112-A', 160.0000, 0.0000, '2026-04-02 09:00:00'),
(2, 5, 1, NULL, 1000.0000, 0.0000, '2026-04-02 09:00:00'),
(3, 6, 1, NULL, 40.0000, 0.0000, '2026-04-02 09:00:00'),
(4, 7, 1, NULL, 30.0000, 0.0000, '2026-04-02 09:00:00'),
(5, 7, 4, NULL, 10.0000, 0.0000, '2026-04-02 09:00:00'),
(6, 2, 2, 'FG200-260326-A', 20.0000, 0.0000, '2026-04-02 09:00:00'),
(7, 1, 2, 'FG100-260118-A', 5.0000, 0.0000, '2026-04-02 09:00:00');

SET FOREIGN_KEY_CHECKS = 1;

-- =========================
-- 6. 导入后可直接演示的关键链路
-- =========================
-- 1) 登录：admin / 123456
-- 2) 销售报价 -> 订单：SQ20260402001 可直接转销售订单
-- 3) 采购申请 -> 订单：PR20260402001 可直接转采购订单
-- 4) 销售订单 -> 生产计划：SO20260307001 仍有 20 台未下推计划
-- 5) MRP 演示：PP20260403001 已审核、未生成工单，可直接勾选执行 MRP
-- 6) 采购入库：PO20260315001 已部分到货，可继续入库
-- 7) 销售出库：SO20260307001 已有成品库存，可继续发货
-- 8) 生产执行：WO20260322001 可继续领料、报工、完工入库
-- 9) 库存管理：已有采购入库、生产领料、完工入库、销售出库、调拨、盘点六类库存单据
-- 10) 报表与 AI：已具备 2026-01 ~ 2026-04 的销售、采购、库存、生产与应收应付分析基础
